date,team,win_pct,last_pct
2026-03-23,Bo,0.99962,0.0
2026-03-23,Kid Named Dinger,0.0,0.0
2026-03-23,Swank's Shanks,0.0,0.0
2026-03-23,Swank's Tanks,0.00038,0.0
2026-03-23,deep drivers,0.0,1.0
2026-03-24,Bo,0.9995,0.0
2026-03-24,Kid Named Dinger,0.0,0.0
2026-03-24,Swank's Shanks,0.00025,0.0
2026-03-24,Swank's Tanks,0.00025,0.0
2026-03-24,deep drivers,0.0,1.0
2026-03-25,Bo,0.99975,0.0
2026-03-25,Kid Named Dinger,0.0,0.0
2026-03-25,Swank's Shanks,0.00025,0.0
2026-03-25,Swank's Tanks,0.0,0.0
2026-03-25,deep drivers,0.0,1.0
2026-03-26,Bo,0.9995,0.0
2026-03-26,Kid Named Dinger,0.0,0.0
2026-03-26,Swank's Shanks,0.0,0.0
2026-03-26,Swank's Tanks,0.0005,0.0
2026-03-26,deep drivers,0.0,1.0
2026-03-27,Bo,0.99975,0.0
2026-03-27,Kid Named Dinger,0.0,0.0
2026-03-27,Swank's Shanks,0.00013,0.0
2026-03-27,Swank's Tanks,0.00013,0.0
2026-03-27,deep drivers,0.0,1.0
2026-03-28,Bo,0.99987,0.0
2026-03-28,Kid Named Dinger,0.0,0.0
2026-03-28,Swank's Shanks,0.0,0.0
2026-03-28,Swank's Tanks,0.00013,0.0
2026-03-28,deep drivers,0.0,1.0
2026-03-29,Bo,1.0,0.0
2026-03-29,Kid Named Dinger,0.0,0.0
2026-03-29,Swank's Shanks,0.0,0.0
2026-03-29,Swank's Tanks,0.0,0.0
2026-03-29,deep drivers,0.0,1.0
2026-03-30,Bo,0.99987,0.0
2026-03-30,Kid Named Dinger,0.0,0.0
2026-03-30,Swank's Shanks,0.00013,0.0
2026-03-30,Swank's Tanks,0.0,0.0
2026-03-30,deep drivers,0.0,1.0
2026-03-31,Bo,0.99975,0.0
2026-03-31,Kid Named Dinger,0.0,0.0
2026-03-31,Swank's Shanks,0.0,0.0
2026-03-31,Swank's Tanks,0.00025,0.0
2026-03-31,deep drivers,0.0,1.0
2026-04-01,Bo,0.999,0.0
2026-04-01,Kid Named Dinger,0.00088,0.0
2026-04-01,Swank's Shanks,0.00013,0.0
2026-04-01,Swank's Tanks,0.0,0.0
2026-04-01,deep drivers,0.0,1.0
2026-04-02,Bo,0.99675,0.0
2026-04-02,Kid Named Dinger,0.00275,0.0
2026-04-02,Swank's Shanks,0.00013,0.0
2026-04-02,Swank's Tanks,0.00038,0.0
2026-04-02,deep drivers,0.0,1.0
2026-04-03,Bo,0.99675,0.0
2026-04-03,Kid Named Dinger,0.00313,0.0
2026-04-03,Swank's Shanks,0.0,0.0
2026-04-03,Swank's Tanks,0.00013,0.0
2026-04-03,deep drivers,0.0,1.0
2026-04-04,Bo,0.99662,0.0
2026-04-04,Kid Named Dinger,0.00275,0.0
2026-04-04,Swank's Shanks,0.0,0.0
2026-04-04,Swank's Tanks,0.00063,0.0
2026-04-04,deep drivers,0.0,1.0
2026-04-05,Bo,0.998,0.0
2026-04-05,Kid Named Dinger,0.00125,0.0
2026-04-05,Swank's Shanks,0.0,0.0
2026-04-05,Swank's Tanks,0.00075,0.0
2026-04-05,deep drivers,0.0,1.0
2026-04-06,Bo,0.99787,0.0
2026-04-06,Kid Named Dinger,0.00187,0.0
2026-04-06,Swank's Shanks,0.0,0.0
2026-04-06,Swank's Tanks,0.00025,0.0
2026-04-06,deep drivers,0.0,1.0
2026-04-07,Bo,0.99413,0.0
2026-04-07,Kid Named Dinger,0.00375,0.0
2026-04-07,Swank's Shanks,0.0,0.0
2026-04-07,Swank's Tanks,0.00213,0.0
2026-04-07,deep drivers,0.0,1.0
2026-04-08,Bo,0.99562,0.0
2026-04-08,Kid Named Dinger,0.00213,0.0
2026-04-08,Swank's Shanks,0.0,0.0
2026-04-08,Swank's Tanks,0.00225,0.0
2026-04-08,deep drivers,0.0,1.0
2026-04-09,Bo,0.99513,0.0
2026-04-09,Kid Named Dinger,0.00325,0.0
2026-04-09,Swank's Shanks,0.0,0.0
2026-04-09,Swank's Tanks,0.00162,0.0
2026-04-09,deep drivers,0.0,1.0
2026-04-10,Bo,0.99387,0.0
2026-04-10,Kid Named Dinger,0.00337,0.0
2026-04-10,Swank's Shanks,0.0,0.0
2026-04-10,Swank's Tanks,0.00275,0.0
2026-04-10,deep drivers,0.0,1.0
2026-04-11,Bo,0.97508,0.0
2026-04-11,Kid Named Dinger,0.01458,0.0
2026-04-11,Swank's Shanks,0.0,0.0
2026-04-11,Swank's Tanks,0.01033,0.0
2026-04-11,deep drivers,0.0,1.0
2026-04-12,Bo,0.986,0.0
2026-04-12,Kid Named Dinger,0.00688,0.0
2026-04-12,Swank's Shanks,0.00038,0.0
2026-04-12,Swank's Tanks,0.00675,0.0
2026-04-12,deep drivers,0.0,1.0
2026-04-13,Bo,0.99113,0.0
2026-04-13,Kid Named Dinger,0.00162,0.0
2026-04-13,Swank's Shanks,0.0,0.0
2026-04-13,Swank's Tanks,0.00725,0.0
2026-04-13,deep drivers,0.0,1.0
2026-04-14,Bo,0.99525,0.0
2026-04-14,Kid Named Dinger,0.0015,0.0
2026-04-14,Swank's Shanks,0.0,0.0
2026-04-14,Swank's Tanks,0.00325,0.0
2026-04-14,deep drivers,0.0,1.0
2026-04-15,Bo,0.99638,0.0
2026-04-15,Kid Named Dinger,0.00162,0.0
2026-04-15,Swank's Shanks,0.00025,0.0
2026-04-15,Swank's Tanks,0.00175,0.0
2026-04-15,deep drivers,0.0,1.0
2026-04-16,Bo,0.99062,0.0
2026-04-16,Kid Named Dinger,0.00688,0.0
2026-04-16,Swank's Shanks,0.0,0.0
2026-04-16,Swank's Tanks,0.0025,0.0
2026-04-16,deep drivers,0.0,1.0
2026-04-17,Bo,0.9895,0.0
2026-04-17,Kid Named Dinger,0.00887,0.0
2026-04-17,Swank's Shanks,0.0,0.00075
2026-04-17,Swank's Tanks,0.00162,0.0
2026-04-17,deep drivers,0.0,0.99925
2026-04-18,Bo,0.99013,0.0
2026-04-18,Kid Named Dinger,0.00887,0.0
2026-04-18,Swank's Shanks,0.00025,0.0
2026-04-18,Swank's Tanks,0.00075,0.0
2026-04-18,deep drivers,0.0,1.0
2026-04-19,Bo,0.98721,0.0
2026-04-19,Kid Named Dinger,0.00858,0.0
2026-04-19,Swank's Shanks,0.0,0.0
2026-04-19,Swank's Tanks,0.00421,0.0
2026-04-19,deep drivers,0.0,1.0
2026-04-20,Bo,0.989,0.0
2026-04-20,Kid Named Dinger,0.009,0.0
2026-04-20,Swank's Shanks,0.00013,0.00038
2026-04-20,Swank's Tanks,0.00187,0.0
2026-04-20,deep drivers,0.0,0.99962
2026-04-21,Bo,0.98088,0.0
2026-04-21,Kid Named Dinger,0.01512,0.0
2026-04-21,Swank's Shanks,0.0,0.01775
2026-04-21,Swank's Tanks,0.004,0.0
2026-04-21,deep drivers,0.0,0.98225
2026-04-22,Bo,0.98125,0.0
2026-04-22,Kid Named Dinger,0.01287,0.0
2026-04-22,Swank's Shanks,0.0,0.00912
2026-04-22,Swank's Tanks,0.00588,0.00013
2026-04-22,deep drivers,0.0,0.99075
2026-04-23,Bo,0.98162,0.0
2026-04-23,Kid Named Dinger,0.01238,0.0
2026-04-23,Swank's Shanks,0.00013,0.00237
2026-04-23,Swank's Tanks,0.00588,0.0
2026-04-23,deep drivers,0.0,0.99762
2026-04-24,Bo,0.97358,0.0
2026-04-24,Kid Named Dinger,0.01983,0.0
2026-04-24,Swank's Shanks,0.0015,0.00025
2026-04-24,Swank's Tanks,0.00508,0.0005
2026-04-24,deep drivers,0.0,0.99925
2026-04-25,Bo,0.97692,0.0
2026-04-25,Kid Named Dinger,0.00946,0.0
2026-04-25,Swank's Shanks,0.00279,0.00187
2026-04-25,Swank's Tanks,0.01083,0.0
2026-04-25,deep drivers,0.0,0.99813
2026-04-26,Bo,0.98137,0.0
2026-04-26,Kid Named Dinger,0.00775,0.0
2026-04-26,Swank's Shanks,0.0035,0.00025
2026-04-26,Swank's Tanks,0.00737,0.00013
2026-04-26,deep drivers,0.0,0.99962
2026-04-27,Bo,0.9885,0.0
2026-04-27,Kid Named Dinger,0.00475,0.0
2026-04-27,Swank's Shanks,0.0025,0.0
2026-04-27,Swank's Tanks,0.00425,0.0
2026-04-27,deep drivers,0.0,1.0
2026-04-28,Bo,0.97537,0.0
2026-04-28,Kid Named Dinger,0.00413,0.0
2026-04-28,Swank's Shanks,0.017,0.0
2026-04-28,Swank's Tanks,0.0035,0.0
2026-04-28,deep drivers,0.0,1.0
2026-04-29,Bo,0.97342,0.0
2026-04-29,Kid Named Dinger,0.00304,0.0
2026-04-29,Swank's Shanks,0.02142,0.0
2026-04-29,Swank's Tanks,0.00213,0.0
2026-04-29,deep drivers,0.0,1.0
2026-04-30,Bo,0.94633,0.0
2026-04-30,Kid Named Dinger,0.00175,0.0
2026-04-30,Swank's Shanks,0.04871,0.0
2026-04-30,Swank's Tanks,0.00321,0.00025
2026-04-30,deep drivers,0.0,0.99975
2026-05-01,Bo,0.92337,0.0
2026-05-01,Kid Named Dinger,0.001,0.0005
2026-05-01,Swank's Shanks,0.073,0.0
2026-05-01,Swank's Tanks,0.00263,0.00013
2026-05-01,deep drivers,0.0,0.99938
2026-05-02,Bo,0.87487,0.0
2026-05-02,Kid Named Dinger,0.0,0.0
2026-05-02,Swank's Shanks,0.12412,0.0
2026-05-02,Swank's Tanks,0.001,0.0
2026-05-02,deep drivers,0.0,1.0
2026-05-03,Bo,0.87471,0.0
2026-05-03,Kid Named Dinger,0.00025,0.0
2026-05-03,Swank's Shanks,0.12433,0.0
2026-05-03,Swank's Tanks,0.00071,0.0
2026-05-03,deep drivers,0.0,1.0
2026-05-04,Bo,0.8955,0.0
2026-05-04,Kid Named Dinger,0.00025,0.0
2026-05-04,Swank's Shanks,0.10412,0.0
2026-05-04,Swank's Tanks,0.00013,0.00013
2026-05-04,deep drivers,0.0,0.99987
2026-05-05,Bo,0.87113,0.0
2026-05-05,Kid Named Dinger,0.00063,0.0
2026-05-05,Swank's Shanks,0.12775,0.0
2026-05-05,Swank's Tanks,0.0005,0.0
2026-05-05,deep drivers,0.0,1.0
2026-05-06,Bo,0.8145,0.0
2026-05-06,Kid Named Dinger,0.0,0.0
2026-05-06,Swank's Shanks,0.185,0.0
2026-05-06,Swank's Tanks,0.0005,0.0
2026-05-06,deep drivers,0.0,1.0
2026-05-07,Bo,0.87662,0.0
2026-05-07,Kid Named Dinger,0.00025,0.0
2026-05-07,Swank's Shanks,0.12262,0.0
2026-05-07,Swank's Tanks,0.0005,0.0
2026-05-07,deep drivers,0.0,1.0
2026-05-08,Bo,0.82133,0.0
2026-05-08,Kid Named Dinger,0.00021,0.0
2026-05-08,Swank's Shanks,0.17771,0.0
2026-05-08,Swank's Tanks,0.00075,0.0
2026-05-08,deep drivers,0.0,1.0
2026-05-09,Bo,0.78038,0.0
2026-05-09,Kid Named Dinger,0.0,0.0
2026-05-09,Swank's Shanks,0.21962,0.0
2026-05-09,Swank's Tanks,0.0,0.0
2026-05-09,deep drivers,0.0,1.0
2026-05-10,Bo,0.701,0.0
2026-05-10,Kid Named Dinger,0.0,0.0
2026-05-10,Swank's Shanks,0.299,0.0
2026-05-10,Swank's Tanks,0.0,0.0
2026-05-10,deep drivers,0.0,1.0
2026-05-11,Bo,0.46163,0.0
2026-05-11,Kid Named Dinger,0.00112,0.0
2026-05-11,Swank's Shanks,0.537,0.0
2026-05-11,Swank's Tanks,0.00025,0.0
2026-05-11,deep drivers,0.0,1.0
2026-05-12,Bo,0.49125,0.0
2026-05-12,Kid Named Dinger,0.00013,0.0
2026-05-12,Swank's Shanks,0.5085,0.0
2026-05-12,Swank's Tanks,0.00013,0.0
2026-05-12,deep drivers,0.0,1.0
2026-05-13,Bo,0.48562,0.0
2026-05-13,Kid Named Dinger,0.00088,0.0
2026-05-13,Swank's Shanks,0.5135,0.0
2026-05-13,Swank's Tanks,0.0,0.0
2026-05-13,deep drivers,0.0,1.0
2026-05-14,Bo,0.32725,0.0
2026-05-14,Kid Named Dinger,0.0005,0.0
2026-05-14,Swank's Shanks,0.67225,0.0
2026-05-14,Swank's Tanks,0.0,0.0
2026-05-14,deep drivers,0.0,1.0
2026-05-15,Bo,0.2745,0.0
2026-05-15,Kid Named Dinger,0.00075,0.0
2026-05-15,Swank's Shanks,0.72475,0.0
2026-05-15,Swank's Tanks,0.0,0.0
2026-05-15,deep drivers,0.0,1.0
2026-05-16,Bo,0.24025,0.0
2026-05-16,Kid Named Dinger,0.0,0.0
2026-05-16,Swank's Shanks,0.75975,0.0
2026-05-16,Swank's Tanks,0.0,0.0
2026-05-16,deep drivers,0.0,1.0
2026-05-17,Bo,0.29688,0.0
2026-05-17,Kid Named Dinger,0.0,0.0
2026-05-17,Swank's Shanks,0.70275,0.0
2026-05-17,Swank's Tanks,0.00038,0.0
2026-05-17,deep drivers,0.0,1.0
2026-05-18,Bo,0.3455,0.0
2026-05-18,Kid Named Dinger,0.0,0.0
2026-05-18,Swank's Shanks,0.65387,0.0
2026-05-18,Swank's Tanks,0.00063,0.0
2026-05-18,deep drivers,0.0,1.0
2026-05-19,Bo,0.33225,0.0
2026-05-19,Kid Named Dinger,0.00088,0.0
2026-05-19,Swank's Shanks,0.66638,0.0
2026-05-19,Swank's Tanks,0.0005,0.0
2026-05-19,deep drivers,0.0,1.0
2026-05-20,Bo,0.41825,0.0
2026-05-20,Kid Named Dinger,0.0015,0.0
2026-05-20,Swank's Shanks,0.57925,0.0
2026-05-20,Swank's Tanks,0.001,0.0
2026-05-20,deep drivers,0.0,1.0
2026-05-21,Bo,0.54763,0.0
2026-05-21,Kid Named Dinger,0.00975,0.0
2026-05-21,Swank's Shanks,0.44188,0.0
2026-05-21,Swank's Tanks,0.00075,0.00225
2026-05-21,deep drivers,0.0,0.99775
2026-05-22,Bo,0.59717,0.0
2026-05-22,Kid Named Dinger,0.02017,0.0
2026-05-22,Swank's Shanks,0.38217,0.0
2026-05-22,Swank's Tanks,0.0005,0.005
2026-05-22,deep drivers,0.0,0.995
2026-05-23,Bo,0.64412,0.0
2026-05-23,Kid Named Dinger,0.01063,0.0
2026-05-23,Swank's Shanks,0.34487,0.0
2026-05-23,Swank's Tanks,0.00038,0.02525
2026-05-23,deep drivers,0.0,0.97475
2026-05-24,Bo,0.62642,0.0
2026-05-24,Kid Named Dinger,0.01442,0.0
2026-05-24,Swank's Shanks,0.35854,0.0
2026-05-24,Swank's Tanks,0.00063,0.07275
2026-05-24,deep drivers,0.0,0.92725
2026-05-25,Bo,0.65369,0.0
2026-05-25,Kid Named Dinger,0.03031,0.0
2026-05-25,Swank's Shanks,0.31494,0.0
2026-05-25,Swank's Tanks,0.00106,0.08363
2026-05-25,deep drivers,0.0,0.91638
2026-05-26,Bo,0.63062,0.0
2026-05-26,Kid Named Dinger,0.03725,0.0
2026-05-26,Swank's Shanks,0.33213,0.0
2026-05-26,Swank's Tanks,0.0,0.13437
2026-05-26,deep drivers,0.0,0.86562
2026-05-27,Bo,0.55996,0.0
2026-05-27,Kid Named Dinger,0.07533,0.0
2026-05-27,Swank's Shanks,0.36471,0.0
2026-05-27,Swank's Tanks,0.0,0.27787
2026-05-27,deep drivers,0.0,0.72213
2026-05-28,Bo,0.70946,0.0
2026-05-28,Kid Named Dinger,0.05696,0.0
2026-05-28,Swank's Shanks,0.23358,0.0
2026-05-28,Swank's Tanks,0.0,0.47213
2026-05-28,deep drivers,0.0,0.52787
2026-05-29,Bo,0.61579,0.0
2026-05-29,Kid Named Dinger,0.03554,0.0
2026-05-29,Swank's Shanks,0.34867,0.0
2026-05-29,Swank's Tanks,0.0,0.47913
2026-05-29,deep drivers,0.0,0.52087
2026-05-30,Bo,0.70921,0.0
2026-05-30,Kid Named Dinger,0.00858,0.0
2026-05-30,Swank's Shanks,0.28221,0.0
2026-05-30,Swank's Tanks,0.0,0.73913
2026-05-30,deep drivers,0.0,0.26088
2026-05-31,Bo,0.71492,0.0
2026-05-31,Kid Named Dinger,0.00429,0.0
2026-05-31,Swank's Shanks,0.28079,0.0
2026-05-31,Swank's Tanks,0.0,0.86338
2026-05-31,deep drivers,0.0,0.13662
2026-06-01,Bo,0.74254,0.0
2026-06-01,Kid Named Dinger,0.00642,0.0
2026-06-01,Swank's Shanks,0.25104,0.0
2026-06-01,Swank's Tanks,0.0,0.909
2026-06-01,deep drivers,0.0,0.091
2026-06-02,Bo,0.62225,0.0
2026-06-02,Kid Named Dinger,0.04487,0.0
2026-06-02,Swank's Shanks,0.33287,0.0
2026-06-02,Swank's Tanks,0.0,0.91763
2026-06-02,deep drivers,0.0,0.08238
2026-06-03,Bo,0.66742,0.0
2026-06-03,Kid Named Dinger,0.04204,0.0
2026-06-03,Swank's Shanks,0.29054,0.0
2026-06-03,Swank's Tanks,0.0,0.83837
2026-06-03,deep drivers,0.0,0.16162
2026-06-04,Bo,0.46321,0.0
2026-06-04,Kid Named Dinger,0.01383,0.0
2026-06-04,Swank's Shanks,0.52296,0.0
2026-06-04,Swank's Tanks,0.0,0.91787
2026-06-04,deep drivers,0.0,0.08213
2026-06-05,Bo,0.44046,0.0
2026-06-05,Kid Named Dinger,0.02371,0.0
2026-06-05,Swank's Shanks,0.53583,0.0
2026-06-05,Swank's Tanks,0.0,0.93588
2026-06-05,deep drivers,0.0,0.06413
2026-06-06,Bo,0.31617,0.0
2026-06-06,Kid Named Dinger,0.06579,0.0
2026-06-06,Swank's Shanks,0.61804,0.0
2026-06-06,Swank's Tanks,0.0,0.95725
2026-06-06,deep drivers,0.0,0.04275
2026-06-07,Bo,0.40096,0.0
2026-06-07,Kid Named Dinger,0.10533,0.0
2026-06-07,Swank's Shanks,0.49371,0.0
2026-06-07,Swank's Tanks,0.0,0.9945
2026-06-07,deep drivers,0.0,0.0055
2026-06-08,Bo,0.30775,0.0
2026-06-08,Kid Named Dinger,0.19925,0.0
2026-06-08,Swank's Shanks,0.493,0.0
2026-06-08,Swank's Tanks,0.0,0.98625
2026-06-08,deep drivers,0.0,0.01375
2026-06-09,Bo,0.18608,0.00013
2026-06-09,Kid Named Dinger,0.15271,0.0
2026-06-09,Swank's Shanks,0.66121,0.0
2026-06-09,Swank's Tanks,0.0,0.994
2026-06-09,deep drivers,0.0,0.00588
2026-06-10,Bo,0.08292,0.0
2026-06-10,Kid Named Dinger,0.06454,0.0
2026-06-10,Swank's Shanks,0.85254,0.0
2026-06-10,Swank's Tanks,0.0,0.99425
2026-06-10,deep drivers,0.0,0.00575
2026-06-11,Bo,0.02821,0.0
2026-06-11,Kid Named Dinger,0.03508,0.0
2026-06-11,Swank's Shanks,0.93671,0.0
2026-06-11,Swank's Tanks,0.0,0.99825
2026-06-11,deep drivers,0.0,0.00175
2026-06-12,Bo,0.03796,0.0
2026-06-12,Kid Named Dinger,0.01433,0.0
2026-06-12,Swank's Shanks,0.94771,0.0
2026-06-12,Swank's Tanks,0.0,0.99913
2026-06-12,deep drivers,0.0,0.00088
2026-06-13,Bo,0.03288,0.0
2026-06-13,Kid Named Dinger,0.01625,0.0
2026-06-13,Swank's Shanks,0.95088,0.0
2026-06-13,Swank's Tanks,0.0,1.0
2026-06-13,deep drivers,0.0,0.0
2026-06-14,Bo,0.05554,0.0
2026-06-14,Kid Named Dinger,0.01379,0.0
2026-06-14,Swank's Shanks,0.93067,0.0
2026-06-14,Swank's Tanks,0.0,0.99975
2026-06-14,deep drivers,0.0,0.00025
2026-06-15,Bo,0.02808,0.0
2026-06-15,Kid Named Dinger,0.01008,0.0
2026-06-15,Swank's Shanks,0.96183,0.0
2026-06-15,Swank's Tanks,0.0,1.0
2026-06-15,deep drivers,0.0,0.0
2026-06-16,Bo,0.02225,0.0
2026-06-16,Kid Named Dinger,0.0205,0.0
2026-06-16,Swank's Shanks,0.95725,0.0
2026-06-16,Swank's Tanks,0.0,1.0
2026-06-16,deep drivers,0.0,0.0
2026-06-17,Bo,0.02583,0.0
2026-06-17,Kid Named Dinger,0.01333,0.0
2026-06-17,Swank's Shanks,0.96083,0.0
2026-06-17,Swank's Tanks,0.0,1.0
2026-06-17,deep drivers,0.0,0.0
2026-06-18,Bo,0.0125,0.0
2026-06-18,Kid Named Dinger,0.036,0.0
2026-06-18,Swank's Shanks,0.9515,0.0
2026-06-18,Swank's Tanks,0.0,1.0
2026-06-18,deep drivers,0.0,0.0
2026-06-19,Bo,0.009,0.0
2026-06-19,Kid Named Dinger,0.0325,0.0
2026-06-19,Swank's Shanks,0.9585,0.0
2026-06-19,Swank's Tanks,0.0,0.99987
2026-06-19,deep drivers,0.0,0.00013
2026-06-20,Bo,0.01413,0.0
2026-06-20,Kid Named Dinger,0.03075,0.0
2026-06-20,Swank's Shanks,0.95513,0.0
2026-06-20,Swank's Tanks,0.0,1.0
2026-06-20,deep drivers,0.0,0.0
2026-06-21,Bo,0.00162,0.0
2026-06-21,Kid Named Dinger,0.00025,0.0
2026-06-21,Swank's Shanks,0.99813,0.0
2026-06-21,Swank's Tanks,0.0,1.0
2026-06-21,deep drivers,0.0,0.0
2026-06-22,Bo,0.0015,0.0
2026-06-22,Kid Named Dinger,0.0015,0.0
2026-06-22,Swank's Shanks,0.997,0.0
2026-06-22,Swank's Tanks,0.0,1.0
2026-06-22,deep drivers,0.0,0.0
2026-06-23,Bo,0.00287,0.0
2026-06-23,Kid Named Dinger,0.00063,0.0
2026-06-23,Swank's Shanks,0.9965,0.0
2026-06-23,Swank's Tanks,0.0,1.0
2026-06-23,deep drivers,0.0,0.0
2026-06-24,Bo,0.00125,0.0
2026-06-24,Kid Named Dinger,0.00013,0.0
2026-06-24,Swank's Shanks,0.99862,0.0
2026-06-24,Swank's Tanks,0.0,1.0
2026-06-24,deep drivers,0.0,0.0
2026-06-25,Bo,0.00112,0.0
2026-06-25,Kid Named Dinger,0.00013,0.0
2026-06-25,Swank's Shanks,0.99875,0.0
2026-06-25,Swank's Tanks,0.0,1.0
2026-06-25,deep drivers,0.0,0.0
2026-06-26,Bo,0.00125,0.00038
2026-06-26,Kid Named Dinger,0.00063,0.0
2026-06-26,Swank's Shanks,0.99813,0.0
2026-06-26,Swank's Tanks,0.0,0.99962
2026-06-26,deep drivers,0.0,0.0
2026-06-27,Bo,0.00162,0.0
2026-06-27,Kid Named Dinger,0.00013,0.0
2026-06-27,Swank's Shanks,0.99825,0.0
2026-06-27,Swank's Tanks,0.0,1.0
2026-06-27,deep drivers,0.0,0.0
2026-06-28,Bo,0.00025,0.0
2026-06-28,Kid Named Dinger,0.0,0.0
2026-06-28,Swank's Shanks,0.99975,0.0
2026-06-28,Swank's Tanks,0.0,1.0
2026-06-28,deep drivers,0.0,0.0
2026-06-29,Bo,0.001,0.0
2026-06-29,Kid Named Dinger,0.0,0.0
2026-06-29,Swank's Shanks,0.999,0.0
2026-06-29,Swank's Tanks,0.0,1.0
2026-06-29,deep drivers,0.0,0.0
2026-06-30,Bo,0.00387,0.0
2026-06-30,Kid Named Dinger,0.00013,0.0
2026-06-30,Swank's Shanks,0.996,0.0
2026-06-30,Swank's Tanks,0.0,1.0
2026-06-30,deep drivers,0.0,0.0
2026-07-01,Bo,0.00063,0.0
2026-07-01,Kid Named Dinger,0.0,0.0
2026-07-01,Swank's Shanks,0.99938,0.0
2026-07-01,Swank's Tanks,0.0,1.0
2026-07-01,deep drivers,0.0,0.0
2026-07-02,Bo,0.0015,0.0
2026-07-02,Kid Named Dinger,0.0,0.0
2026-07-02,Swank's Shanks,0.9985,0.0
2026-07-02,Swank's Tanks,0.0,1.0
2026-07-02,deep drivers,0.0,0.0
2026-07-03,Bo,0.00237,0.0
2026-07-03,Kid Named Dinger,0.0,0.0
2026-07-03,Swank's Shanks,0.99762,0.0
2026-07-03,Swank's Tanks,0.0,1.0
2026-07-03,deep drivers,0.0,0.0
2026-07-04,Bo,0.00313,0.0
2026-07-04,Kid Named Dinger,0.00088,0.0
2026-07-04,Swank's Shanks,0.996,0.0
2026-07-04,Swank's Tanks,0.0,1.0
2026-07-04,deep drivers,0.0,0.0
2026-07-05,Bo,0.00137,0.0
2026-07-05,Kid Named Dinger,0.0025,0.0
2026-07-05,Swank's Shanks,0.99613,0.0
2026-07-05,Swank's Tanks,0.0,1.0
2026-07-05,deep drivers,0.0,0.0
2026-07-06,Bo,0.00287,0.0
2026-07-06,Kid Named Dinger,0.001,0.0
2026-07-06,Swank's Shanks,0.99613,0.0
2026-07-06,Swank's Tanks,0.0,1.0
2026-07-06,deep drivers,0.0,0.0
2026-07-07,Bo,0.00387,0.0
2026-07-07,Kid Named Dinger,0.00263,0.0
2026-07-07,Swank's Shanks,0.9935,0.0
2026-07-07,Swank's Tanks,0.0,1.0
2026-07-07,deep drivers,0.0,0.0
2026-07-08,Bo,0.0035,0.0
2026-07-08,Kid Named Dinger,0.02388,0.0
2026-07-08,Swank's Shanks,0.97262,0.0
2026-07-08,Swank's Tanks,0.0,1.0
2026-07-08,deep drivers,0.0,0.0
2026-07-09,Bo,0.00146,0.0
2026-07-09,Kid Named Dinger,0.03733,0.0
2026-07-09,Swank's Shanks,0.96121,0.0
2026-07-09,Swank's Tanks,0.0,1.0
2026-07-09,deep drivers,0.0,0.0
2026-07-10,Bo,0.001,0.0
2026-07-10,Kid Named Dinger,0.02075,0.0
2026-07-10,Swank's Shanks,0.97825,0.0
2026-07-10,Swank's Tanks,0.0,1.0
2026-07-10,deep drivers,0.0,0.0
2026-07-11,Bo,0.00096,0.0
2026-07-11,Kid Named Dinger,0.02396,0.0
2026-07-11,Swank's Shanks,0.97508,0.0
2026-07-11,Swank's Tanks,0.0,1.0
2026-07-11,deep drivers,0.0,0.0
2026-07-12,Bo,0.00604,0.0
2026-07-12,Kid Named Dinger,0.05792,0.0
2026-07-12,Swank's Shanks,0.93604,0.0
2026-07-12,Swank's Tanks,0.0,1.0
2026-07-12,deep drivers,0.0,0.0
2026-07-13,Bo,0.01204,0.0
2026-07-13,Kid Named Dinger,0.18179,0.0
2026-07-13,Swank's Shanks,0.80617,0.0
2026-07-13,Swank's Tanks,0.0,1.0
2026-07-13,deep drivers,0.0,0.0
2026-07-14,Bo,0.00783,0.0
2026-07-14,Kid Named Dinger,0.17008,0.0
2026-07-14,Swank's Shanks,0.82208,0.0
2026-07-14,Swank's Tanks,0.0,1.0
2026-07-14,deep drivers,0.0,0.0
2026-07-15,Bo,0.01463,0.0
2026-07-15,Kid Named Dinger,0.0,0.0
2026-07-15,Swank's Shanks,0.98538,0.0
2026-07-15,Swank's Tanks,0.0,1.0
2026-07-15,deep drivers,0.0,0.0
2026-07-16,Bo,0.01125,0.0
2026-07-16,Kid Named Dinger,0.0,0.0
2026-07-16,Swank's Shanks,0.98875,0.0
2026-07-16,Swank's Tanks,0.0,1.0
2026-07-16,deep drivers,0.0,0.0
2026-07-17,Bo,0.00912,0.0
2026-07-17,Kid Named Dinger,0.0,0.0
2026-07-17,Swank's Shanks,0.99087,0.0
2026-07-17,Swank's Tanks,0.0,1.0
2026-07-17,deep drivers,0.0,0.0
2026-07-18,Bo,0.04362,0.0
2026-07-18,Kid Named Dinger,0.0,0.0
2026-07-18,Swank's Shanks,0.95637,0.0
2026-07-18,Swank's Tanks,0.0,1.0
2026-07-18,deep drivers,0.0,0.0
2026-07-19,Bo,0.00625,0.0
2026-07-19,Kid Named Dinger,0.00988,0.0
2026-07-19,Swank's Shanks,0.98388,0.0
2026-07-19,Swank's Tanks,0.0,1.0
2026-07-19,deep drivers,0.0,0.0
2026-07-20,Bo,0.0005,0.0
2026-07-20,Kid Named Dinger,0.0,0.0
2026-07-20,Swank's Shanks,0.9995,0.0
2026-07-20,Swank's Tanks,0.0,1.0
2026-07-20,deep drivers,0.0,0.0
2026-07-21,Bo,0.00025,0.0
2026-07-21,Kid Named Dinger,0.012,0.0
2026-07-21,Swank's Shanks,0.98775,0.0
2026-07-21,Swank's Tanks,0.0,1.0
2026-07-21,deep drivers,0.0,0.0
2026-07-22,Bo,0.0,0.0
2026-07-22,Kid Named Dinger,0.03675,0.0
2026-07-22,Swank's Shanks,0.96325,0.0
2026-07-22,Swank's Tanks,0.0,1.0
2026-07-22,deep drivers,0.0,0.0
2026-07-23,Bo,0.0,0.0
2026-07-23,Kid Named Dinger,0.0,0.0
2026-07-23,Swank's Shanks,1.0,0.0
2026-07-23,Swank's Tanks,0.0,1.0
2026-07-23,deep drivers,0.0,0.0
2026-07-24,Bo,0.0,0.0
2026-07-24,Kid Named Dinger,0.0,0.0
2026-07-24,Swank's Shanks,1.0,0.0
2026-07-24,Swank's Tanks,0.0,1.0
2026-07-24,deep drivers,0.0,0.0
2026-07-25,Bo,0.0,0.0
2026-07-25,Kid Named Dinger,0.00013,0.0
2026-07-25,Swank's Shanks,0.99987,0.0
2026-07-25,Swank's Tanks,0.0,1.0
2026-07-25,deep drivers,0.0,0.0
2026-07-26,Bo,0.0,0.0
2026-07-26,Kid Named Dinger,0.0,0.0
2026-07-26,Swank's Shanks,1.0,0.0
2026-07-26,Swank's Tanks,0.0,1.0
2026-07-26,deep drivers,0.0,0.0
2026-07-27,Bo,0.0,0.0
2026-07-27,Kid Named Dinger,0.0,0.0
2026-07-27,Swank's Shanks,1.0,0.0
2026-07-27,Swank's Tanks,0.0,1.0
2026-07-27,deep drivers,0.0,0.0
2026-07-28,Bo,0.0,0.0
2026-07-28,Kid Named Dinger,0.0,0.0
2026-07-28,Swank's Shanks,1.0,0.0
2026-07-28,Swank's Tanks,0.0,1.0
2026-07-28,deep drivers,0.0,0.0
2026-07-29,Bo,0.0,0.0
2026-07-29,Kid Named Dinger,0.0005,0.0
2026-07-29,Swank's Shanks,0.9995,0.0
2026-07-29,Swank's Tanks,0.0,1.0
2026-07-29,deep drivers,0.0,0.0
2026-07-30,Bo,0.0,0.0
2026-07-30,Kid Named Dinger,0.00025,0.0
2026-07-30,Swank's Shanks,0.99975,0.0
2026-07-30,Swank's Tanks,0.0,1.0
2026-07-30,deep drivers,0.0,0.0
2026-07-31,Bo,0.00088,0.0
2026-07-31,Kid Named Dinger,0.00975,0.0
2026-07-31,Swank's Shanks,0.98938,0.0
2026-07-31,Swank's Tanks,0.0,0.99987
2026-07-31,deep drivers,0.0,0.00013
2026-08-01,Bo,0.00013,0.0
2026-08-01,Kid Named Dinger,0.0,0.0
2026-08-01,Swank's Shanks,0.99987,0.0
2026-08-01,Swank's Tanks,0.0,1.0
2026-08-01,deep drivers,0.0,0.0
2026-08-02,Bo,0.00025,0.0
2026-08-02,Kid Named Dinger,0.0,0.0
2026-08-02,Swank's Shanks,0.99975,0.0
2026-08-02,Swank's Tanks,0.0,0.99913
2026-08-02,deep drivers,0.0,0.00088
2026-08-03,Bo,0.0,0.0
2026-08-03,Kid Named Dinger,0.0,0.0
2026-08-03,Swank's Shanks,1.0,0.0
2026-08-03,Swank's Tanks,0.0,0.96213
2026-08-03,deep drivers,0.0,0.03787
2026-08-04,Bo,0.0,0.0
2026-08-04,Kid Named Dinger,0.0,0.0
2026-08-04,Swank's Shanks,1.0,0.0
2026-08-04,Swank's Tanks,0.0,0.82225
2026-08-04,deep drivers,0.0,0.17775
2026-08-05,Bo,0.0,0.0
2026-08-05,Kid Named Dinger,0.0,0.0
2026-08-05,Swank's Shanks,1.0,0.0
2026-08-05,Swank's Tanks,0.0,0.76287
2026-08-05,deep drivers,0.0,0.23713
2026-08-06,Bo,0.0,0.0
2026-08-06,Kid Named Dinger,0.0,0.0
2026-08-06,Swank's Shanks,1.0,0.0
2026-08-06,Swank's Tanks,0.0,0.972
2026-08-06,deep drivers,0.0,0.028
2026-08-07,Bo,0.0005,0.0
2026-08-07,Kid Named Dinger,0.0,0.0
2026-08-07,Swank's Shanks,0.9995,0.0
2026-08-07,Swank's Tanks,0.0,0.987
2026-08-07,deep drivers,0.0,0.013
2026-08-08,Bo,0.00013,0.0
2026-08-08,Kid Named Dinger,0.0,0.0
2026-08-08,Swank's Shanks,0.99987,0.0
2026-08-08,Swank's Tanks,0.0,0.9905
2026-08-08,deep drivers,0.0,0.0095
2026-08-09,Bo,0.00038,0.0
2026-08-09,Kid Named Dinger,0.0,0.0
2026-08-09,Swank's Shanks,0.99962,0.0
2026-08-09,Swank's Tanks,0.0,0.93863
2026-08-09,deep drivers,0.0,0.06137
2026-08-10,Bo,0.0,0.0
2026-08-10,Kid Named Dinger,0.0,0.0
2026-08-10,Swank's Shanks,1.0,0.0
2026-08-10,Swank's Tanks,0.0,0.94888
2026-08-10,deep drivers,0.0,0.05112
2026-08-11,Bo,0.0,0.0
2026-08-11,Kid Named Dinger,0.0,0.0
2026-08-11,Swank's Shanks,1.0,0.0
2026-08-11,Swank's Tanks,0.0,0.851
2026-08-11,deep drivers,0.0,0.149
2026-08-12,Bo,0.0,0.0
2026-08-12,Kid Named Dinger,0.0,0.0
2026-08-12,Swank's Shanks,1.0,0.0
2026-08-12,Swank's Tanks,0.0,0.52838
2026-08-12,deep drivers,0.0,0.47163
2026-08-13,Bo,0.0,0.0
2026-08-13,Kid Named Dinger,0.0,0.0
2026-08-13,Swank's Shanks,1.0,0.0
2026-08-13,Swank's Tanks,0.0,0.4025
2026-08-13,deep drivers,0.0,0.5975
2026-08-14,Bo,0.0,0.0
2026-08-14,Kid Named Dinger,0.0,0.0
2026-08-14,Swank's Shanks,1.0,0.0
2026-08-14,Swank's Tanks,0.0,0.41137
2026-08-14,deep drivers,0.0,0.58862
2026-08-15,Bo,0.0,0.0
2026-08-15,Kid Named Dinger,0.0,0.0
2026-08-15,Swank's Shanks,1.0,0.0
2026-08-15,Swank's Tanks,0.0,0.72888
2026-08-15,deep drivers,0.0,0.27113
2026-08-16,Bo,0.0,0.0
2026-08-16,Kid Named Dinger,0.0,0.0
2026-08-16,Swank's Shanks,1.0,0.0
2026-08-16,Swank's Tanks,0.0,0.60262
2026-08-16,deep drivers,0.0,0.39737
2026-08-17,Bo,0.0,0.0
2026-08-17,Kid Named Dinger,0.0,0.0
2026-08-17,Swank's Shanks,1.0,0.0
2026-08-17,Swank's Tanks,0.0,0.7685
2026-08-17,deep drivers,0.0,0.2315
2026-08-18,Bo,0.0,0.0
2026-08-18,Kid Named Dinger,0.0,0.0
2026-08-18,Swank's Shanks,1.0,0.0
2026-08-18,Swank's Tanks,0.0,0.92737
2026-08-18,deep drivers,0.0,0.07262
2026-08-19,Bo,0.0,0.0
2026-08-19,Kid Named Dinger,0.0,0.0
2026-08-19,Swank's Shanks,1.0,0.0
2026-08-19,Swank's Tanks,0.0,0.88775
2026-08-19,deep drivers,0.0,0.11225
2026-08-20,Bo,0.0,0.0
2026-08-20,Kid Named Dinger,0.0,0.0
2026-08-20,Swank's Shanks,1.0,0.0
2026-08-20,Swank's Tanks,0.0,0.89725
2026-08-20,deep drivers,0.0,0.10275
2026-08-21,Bo,0.0,0.0
2026-08-21,Kid Named Dinger,0.0,0.0
2026-08-21,Swank's Shanks,1.0,0.0
2026-08-21,Swank's Tanks,0.0,0.95288
2026-08-21,deep drivers,0.0,0.04713
2026-08-22,Bo,0.0,0.0
2026-08-22,Kid Named Dinger,0.0,0.0
2026-08-22,Swank's Shanks,1.0,0.0
2026-08-22,Swank's Tanks,0.0,0.98
2026-08-22,deep drivers,0.0,0.02
2026-08-23,Bo,0.0,0.0
2026-08-23,Kid Named Dinger,0.0,0.0
2026-08-23,Swank's Shanks,1.0,0.0
2026-08-23,Swank's Tanks,0.0,0.92725
2026-08-23,deep drivers,0.0,0.07275
2026-08-24,Bo,0.0,0.0
2026-08-24,Kid Named Dinger,0.0,0.0
2026-08-24,Swank's Shanks,1.0,0.0
2026-08-24,Swank's Tanks,0.0,0.9685
2026-08-24,deep drivers,0.0,0.0315
2026-08-25,Bo,0.0,0.0
2026-08-25,Kid Named Dinger,0.0,0.0
2026-08-25,Swank's Shanks,1.0,0.0
2026-08-25,Swank's Tanks,0.0,0.80763
2026-08-25,deep drivers,0.0,0.19237
2026-08-26,Bo,0.0,0.0
2026-08-26,Kid Named Dinger,0.0,0.0
2026-08-26,Swank's Shanks,1.0,0.0
2026-08-26,Swank's Tanks,0.0,0.82688
2026-08-26,deep drivers,0.0,0.17313
2026-08-27,Bo,0.0,0.0
2026-08-27,Kid Named Dinger,0.0,0.0
2026-08-27,Swank's Shanks,1.0,0.0
2026-08-27,Swank's Tanks,0.0,0.72588
2026-08-27,deep drivers,0.0,0.27413
2026-08-28,Bo,0.0,0.0
2026-08-28,Kid Named Dinger,0.0,0.0
2026-08-28,Swank's Shanks,1.0,0.0
2026-08-28,Swank's Tanks,0.0,0.86413
2026-08-28,deep drivers,0.0,0.13587
2026-08-29,Bo,0.0,0.0
2026-08-29,Kid Named Dinger,0.0,0.0
2026-08-29,Swank's Shanks,1.0,0.0
2026-08-29,Swank's Tanks,0.0,0.77212
2026-08-29,deep drivers,0.0,0.22787
2026-08-30,Bo,0.0,0.0
2026-08-30,Kid Named Dinger,0.0,0.0
2026-08-30,Swank's Shanks,1.0,0.0
2026-08-30,Swank's Tanks,0.0,0.95175
2026-08-30,deep drivers,0.0,0.04825
2026-08-31,Bo,0.0,0.0
2026-08-31,Kid Named Dinger,0.0,0.0
2026-08-31,Swank's Shanks,1.0,0.0
2026-08-31,Swank's Tanks,0.0,0.95037
2026-08-31,deep drivers,0.0,0.04963
2026-09-01,Bo,0.0,0.0
2026-09-01,Kid Named Dinger,0.0,0.0
2026-09-01,Swank's Shanks,1.0,0.0
2026-09-01,Swank's Tanks,0.0,0.96962
2026-09-01,deep drivers,0.0,0.03037
2026-09-02,Bo,0.0,0.0
2026-09-02,Kid Named Dinger,0.0,0.0
2026-09-02,Swank's Shanks,1.0,0.0
2026-09-02,Swank's Tanks,0.0,0.97075
2026-09-02,deep drivers,0.0,0.02925
2026-09-03,Bo,0.0,0.0
2026-09-03,Kid Named Dinger,0.0,0.0
2026-09-03,Swank's Shanks,1.0,0.0
2026-09-03,Swank's Tanks,0.0,0.99187
2026-09-03,deep drivers,0.0,0.00813
2026-09-04,Bo,0.0,0.0
2026-09-04,Kid Named Dinger,0.0,0.0
2026-09-04,Swank's Shanks,1.0,0.0
2026-09-04,Swank's Tanks,0.0,0.89287
2026-09-04,deep drivers,0.0,0.10712
2026-09-05,Bo,0.0,0.0
2026-09-05,Kid Named Dinger,0.0,0.0
2026-09-05,Swank's Shanks,1.0,0.0
2026-09-05,Swank's Tanks,0.0,0.91012
2026-09-05,deep drivers,0.0,0.08987
2026-09-06,Bo,0.0,0.0
2026-09-06,Kid Named Dinger,0.0,0.0
2026-09-06,Swank's Shanks,1.0,0.0
2026-09-06,Swank's Tanks,0.0,0.97013
2026-09-06,deep drivers,0.0,0.02987
2026-09-07,Bo,0.0,0.0
2026-09-07,Kid Named Dinger,0.0,0.0
2026-09-07,Swank's Shanks,1.0,0.0
2026-09-07,Swank's Tanks,0.0,0.99238
2026-09-07,deep drivers,0.0,0.00762
2026-09-08,Bo,0.0,0.0
2026-09-08,Kid Named Dinger,0.0,0.0
2026-09-08,Swank's Shanks,1.0,0.0
2026-09-08,Swank's Tanks,0.0,0.99987
2026-09-08,deep drivers,0.0,0.00013
2026-09-09,Bo,0.0,0.0
2026-09-09,Kid Named Dinger,0.0,0.0
2026-09-09,Swank's Shanks,1.0,0.0
2026-09-09,Swank's Tanks,0.0,0.99987
2026-09-09,deep drivers,0.0,0.00013
2026-09-10,Bo,0.0,0.0
2026-09-10,Kid Named Dinger,0.0,0.0
2026-09-10,Swank's Shanks,1.0,0.0
2026-09-10,Swank's Tanks,0.0,0.99925
2026-09-10,deep drivers,0.0,0.00075
2026-09-11,Bo,0.0,0.0
2026-09-11,Kid Named Dinger,0.0,0.0
2026-09-11,Swank's Shanks,1.0,0.0
2026-09-11,Swank's Tanks,0.0,0.99625
2026-09-11,deep drivers,0.0,0.00375
2026-09-12,Bo,0.0,0.0
2026-09-12,Kid Named Dinger,0.0,0.0
2026-09-12,Swank's Shanks,1.0,0.0
2026-09-12,Swank's Tanks,0.0,0.9945
2026-09-12,deep drivers,0.0,0.0055
2026-09-13,Bo,0.0,0.0
2026-09-13,Kid Named Dinger,0.0,0.0
2026-09-13,Swank's Shanks,1.0,0.0
2026-09-13,Swank's Tanks,0.0,0.98475
2026-09-13,deep drivers,0.0,0.01525
2026-09-14,Bo,0.0,0.0
2026-09-14,Kid Named Dinger,0.0,0.0
2026-09-14,Swank's Shanks,1.0,0.0
2026-09-14,Swank's Tanks,0.0,0.27837
2026-09-14,deep drivers,0.0,0.72162
2026-09-15,Bo,0.0,0.0
2026-09-15,Kid Named Dinger,0.0,0.0
2026-09-15,Swank's Shanks,1.0,0.0
2026-09-15,Swank's Tanks,0.0,0.0
2026-09-15,deep drivers,0.0,1.0
2026-09-16,Bo,0.0,0.0
2026-09-16,Kid Named Dinger,0.0,0.0
2026-09-16,Swank's Shanks,1.0,0.0
2026-09-16,Swank's Tanks,0.0,0.0
2026-09-16,deep drivers,0.0,1.0
2026-09-17,Bo,0.0,0.0
2026-09-17,Kid Named Dinger,0.0,0.0
2026-09-17,Swank's Shanks,1.0,0.0
2026-09-17,Swank's Tanks,0.0,0.0
2026-09-17,deep drivers,0.0,1.0
2026-09-18,Bo,0.0,0.0
2026-09-18,Kid Named Dinger,0.0,0.0
2026-09-18,Swank's Shanks,1.0,0.0
2026-09-18,Swank's Tanks,0.0,0.0
2026-09-18,deep drivers,0.0,1.0
2026-09-19,Bo,0.0,0.0
2026-09-19,Kid Named Dinger,0.0,0.0
2026-09-19,Swank's Shanks,1.0,0.0
2026-09-19,Swank's Tanks,0.0,0.0
2026-09-19,deep drivers,0.0,1.0
2026-09-20,Bo,0.0,0.0
2026-09-20,Kid Named Dinger,0.0,0.0
2026-09-20,Swank's Shanks,1.0,0.0
2026-09-20,Swank's Tanks,0.0,0.0
2026-09-20,deep drivers,0.0,1.0
2026-09-21,Bo,0.0,0.0
2026-09-21,Kid Named Dinger,0.0,0.0
2026-09-21,Swank's Shanks,1.0,0.0
2026-09-21,Swank's Tanks,0.0,0.0
2026-09-21,deep drivers,0.0,1.0
2026-09-22,Bo,0.0,0.0
2026-09-22,Kid Named Dinger,0.0,0.0
2026-09-22,Swank's Shanks,1.0,0.0
2026-09-22,Swank's Tanks,0.0,0.0
2026-09-22,deep drivers,0.0,1.0
2026-09-23,Bo,0.0,0.0
2026-09-23,Kid Named Dinger,0.0,0.0
2026-09-23,Swank's Shanks,1.0,0.0
2026-09-23,Swank's Tanks,0.0,0.0
2026-09-23,deep drivers,0.0,1.0
2026-09-24,Bo,0.0,0.0
2026-09-24,Kid Named Dinger,0.0,0.0
2026-09-24,Swank's Shanks,1.0,0.0
2026-09-24,Swank's Tanks,0.0,0.0
2026-09-24,deep drivers,0.0,1.0
2026-09-25,Bo,0.0,0.0
2026-09-25,Kid Named Dinger,0.0,0.0
2026-09-25,Swank's Shanks,1.0,0.0
2026-09-25,Swank's Tanks,0.0,0.0
2026-09-25,deep drivers,0.0,1.0
2026-09-26,Bo,0.0,0.0
2026-09-26,Kid Named Dinger,0.0,0.0
2026-09-26,Swank's Shanks,1.0,0.0
2026-09-26,Swank's Tanks,0.0,0.0
2026-09-26,deep drivers,0.0,1.0
2026-09-27,Bo,0.0,0.0
2026-09-27,Kid Named Dinger,0.0,0.0
2026-09-27,Swank's Shanks,1.0,0.0
2026-09-27,Swank's Tanks,0.0,0.0
2026-09-27,deep drivers,0.0,1.0
2026-09-28,Bo,0.0,0.0
2026-09-28,Kid Named Dinger,0.0,0.0
2026-09-28,Swank's Shanks,1.0,0.0
2026-09-28,Swank's Tanks,0.0,0.0
2026-09-28,deep drivers,0.0,1.0
2026-09-29,Bo,0.0,0.0
2026-09-29,Kid Named Dinger,0.0,0.0
2026-09-29,Swank's Shanks,1.0,0.0
2026-09-29,Swank's Tanks,0.0,0.0
2026-09-29,deep drivers,0.0,1.0
2026-09-30,Bo,0.0,0.0
2026-09-30,Kid Named Dinger,0.0,0.0
2026-09-30,Swank's Shanks,1.0,0.0
2026-09-30,Swank's Tanks,0.0,0.0
2026-09-30,deep drivers,0.0,1.0
2026-10-01,Bo,0.0,0.0
2026-10-01,Kid Named Dinger,0.0,0.0
2026-10-01,Swank's Shanks,1.0,0.0
2026-10-01,Swank's Tanks,0.0,0.0
2026-10-01,deep drivers,0.0,1.0
2026-10-02,Bo,0.0,0.0
2026-10-02,Kid Named Dinger,0.0,0.0
2026-10-02,Swank's Shanks,1.0,0.0
2026-10-02,Swank's Tanks,0.0,0.0
2026-10-02,deep drivers,0.0,1.0
2026-10-03,Bo,0.0,0.0
2026-10-03,Kid Named Dinger,0.0,0.0
2026-10-03,Swank's Shanks,1.0,0.0
2026-10-03,Swank's Tanks,0.0,0.0
2026-10-03,deep drivers,0.0,1.0
2026-10-04,Bo,0.0,0.0
2026-10-04,Kid Named Dinger,0.0,0.0
2026-10-04,Swank's Shanks,1.0,0.0
2026-10-04,Swank's Tanks,0.0,0.0
2026-10-04,deep drivers,0.0,1.0
2026-10-05,Bo,0.0,0.0
2026-10-05,Kid Named Dinger,0.0,0.0
2026-10-05,Swank's Shanks,1.0,0.0
2026-10-05,Swank's Tanks,0.0,0.0
2026-10-05,deep drivers,0.0,1.0
2026-10-06,Bo,0.0,0.0
2026-10-06,Kid Named Dinger,0.0,0.0
2026-10-06,Swank's Shanks,1.0,0.0
2026-10-06,Swank's Tanks,0.0,0.0
2026-10-06,deep drivers,0.0,1.0
2026-10-07,Bo,0.0,0.0
2026-10-07,Kid Named Dinger,0.0,0.0
2026-10-07,Swank's Shanks,1.0,0.0
2026-10-07,Swank's Tanks,0.0,0.0
2026-10-07,deep drivers,0.0,1.0
2026-10-08,Bo,0.0,0.0
2026-10-08,Kid Named Dinger,0.0,0.0
2026-10-08,Swank's Shanks,1.0,0.0
2026-10-08,Swank's Tanks,0.0,0.0
2026-10-08,deep drivers,0.0,1.0
2026-10-09,Bo,0.0,0.0
2026-10-09,Kid Named Dinger,0.0,0.0
2026-10-09,Swank's Shanks,1.0,0.0
2026-10-09,Swank's Tanks,0.0,0.0
2026-10-09,deep drivers,0.0,1.0
