as_of,days_left_at_build,player,team,mlb_id,is_hbp_slot,is_frozen,age,hr_alpha,hr_beta,hbp_alpha,hbp_beta,age_factor,pa_per_game,avail_a,avail_b,games_left,games_left_healthy,il_miss,status,il_desc,il_date,il_return_min,proj_hr,proj_hbp
2026-09-27,0,Cal Raleigh,Swank's Tanks,663728,0,0,29,493.3497,8529.0,78.2242,8129.0,1.0,4.1273,131.0,38.0,1,1,0,Active,,,,0.2,0.0
2026-09-27,0,Junior Caminero,Swank's Tanks,691406,0,0,22,444.3497,7843.0,44.2242,7443.0,1.042,4.2587,167.0,2.0,1,1,0,Active,,,,0.2,0.0
2026-09-27,0,Joc Pederson,Swank's Tanks,592626,0,0,34,271.3497,5931.0,108.2242,5531.0,0.985,3.3409,142.0,27.0,0,1,12,Injured 10-Day,Left wrist fracture,2026-09-19,2026-09-29,0.0,0.0
2026-09-27,0,Gunnar Henderson,Swank's Tanks,683002,0,0,25,335.3497,9471.0,108.2242,9071.0,1.024,4.3333,164.0,5.0,1,1,0,Active,,,,0.2,0.1
2026-09-27,0,Bryce Harper,Swank's Tanks,547180,0,0,33,374.3497,8853.0,44.2242,8453.0,0.988,4.199,167.0,2.0,1,1,0,Active,,,,0.2,0.0
2026-09-27,0,Vladimir Guerrero Jr.,Swank's Tanks,665489,0,0,27,263.3497,9056.0,73.2242,8656.0,1.012,4.1576,150.0,19.0,1,1,0,Active,,,,0.1,0.0
2026-09-27,0,Ozzie Albies,Swank's Tanks,645277,0,0,29,240.3497,8578.0,80.2242,8178.0,1.0,4.1642,167.0,2.0,1,1,0,Active,,,,0.1,0.0
2026-09-27,0,Wyatt Langford,Swank's Tanks,694671,0,0,24,257.3497,7498.0,61.2242,7098.0,1.03,4.1812,115.0,54.0,1,1,0,Active,,,,0.1,0.0
2026-09-27,0,Jackson Merrill,Swank's Tanks,701538,0,0,23,302.3497,8231.0,43.2242,7831.0,1.036,4.1414,164.0,5.0,1,1,0,Active,,,,0.2,0.0
2026-09-27,0,Corbin Carroll,Swank's Tanks,682998,0,0,25,336.3497,9160.0,107.2242,8760.0,1.024,4.2256,161.0,8.0,1,1,0,Active,,,,0.2,0.0
2026-09-27,0,Caleb Durbin,Swank's Tanks,702332,1,0,26,145.3497,6134.0,180.2242,5734.0,1.018,3.8438,158.0,11.0,1,1,0,Active,,,,0.1,0.1
2026-09-27,0,Brent Rooker,Swank's Tanks,667670,0,1,31,323.3497,6853.0,54.2242,6453.0,0.994,4.0795,54.0,115.0,0,1,55,Injured 60-Day,Bone bruise in left knee,2026-06-09,2026-08-08,0.0,0.0
2026-09-27,0,Nolan Gorman,Swank's Tanks,669357,0,1,26,194.3497,5504.0,12.2242,5104.0,1.018,3.6613,90.0,79.0,1,1,0,Active,,,,0.1,0.0
2026-09-27,0,Shohei Ohtani,Bo,660271,0,0,31,568.3497,9376.0,74.2242,8976.0,0.994,4.3315,144.0,25.0,1,1,0,Active,,,,0.2,0.0
2026-09-27,0,Pete Alonso,Bo,624413,0,0,31,505.3497,9621.0,168.2242,9221.0,0.994,4.2587,167.0,2.0,1,1,0,Active,,,,0.2,0.1
2026-09-27,0,Munetaka Murakami,Bo,808959,0,0,26,211.3497,3945.0,39.2242,3545.0,1.018,4.247,132.0,37.0,1,1,0,Active,,,,0.2,0.0
2026-09-27,0,Jordan Walker,Bo,691023,0,0,24,220.3497,6633.0,47.2242,6233.0,1.03,4.1574,163.0,6.0,1,1,0,Active,,,,0.1,0.0
2026-09-27,0,Manny Machado,Bo,592518,0,0,33,381.3497,9216.0,29.2242,8816.0,0.988,4.2183,163.0,6.0,1,1,0,Active,,,,0.2,0.0
2026-09-27,0,Andy Pages,Bo,681624,0,0,25,293.3497,7870.0,99.2242,7470.0,1.024,4.1908,139.0,30.0,1,1,0,Active,,,,0.1,0.0
2026-09-27,0,Francisco Lindor,Bo,596019,0,0,32,359.3497,8515.0,134.2242,8115.0,0.991,4.3056,110.0,59.0,1,1,0,Active,,,,0.1,0.0
2026-09-27,0,Brandon Lowe,Bo,664040,0,0,31,398.3497,7967.0,47.2242,7567.0,0.994,4.2737,156.0,13.0,1,1,0,Active,,,,0.2,0.0
2026-09-27,0,Taylor Ward,Bo,621493,0,0,32,325.3497,11911.0,112.2242,11511.0,0.991,4.2025,292.0,2.0,0,1,10,Traded,,,,0.0,0.0
2026-09-27,0,Salvador Perez,Bo,521692,0,0,36,342.3497,8840.0,155.2242,8440.0,0.979,4.0838,157.0,12.0,1,1,0,Active,,,,0.1,0.1
2026-09-27,0,Ty France,Bo,664034,1,0,31,275.3497,10805.0,325.2242,10405.0,0.994,3.7849,138.0,31.0,1,1,0,Active,,,,0.1,0.1
2026-09-27,0,Ronald Acuña Jr.,Bo,660670,0,1,28,232.3497,5859.0,55.2242,5459.0,1.006,4.2517,113.0,56.0,1,1,0,Active,,,,0.1,0.0
2026-09-27,0,Julio Rodríguez,Bo,677594,0,1,25,334.3497,9124.0,110.2242,8724.0,1.024,4.2593,155.0,14.0,1,1,0,Active,,,,0.1,0.0
2026-09-27,0,Jac Caglianone,Kid Named Dinger,695506,0,0,23,179.3497,4873.0,60.2242,4473.0,1.036,3.8736,148.0,21.0,1,1,0,Active,,,,0.1,0.0
2026-09-27,0,Eugenio Suárez,Kid Named Dinger,553993,0,0,34,648.3497,10866.0,209.2242,10466.0,0.985,3.9636,131.0,38.0,1,1,0,Active,,,,0.2,0.1
2026-09-27,0,Yordan Alvarez,Kid Named Dinger,670541,0,0,29,375.3497,7336.0,89.2242,6936.0,1.0,4.2792,163.0,6.0,1,1,0,Active,,,,0.2,0.1
2026-09-27,0,Shea Langeliers,Kid Named Dinger,669127,0,0,28,362.3497,7214.0,53.2242,6814.0,1.006,4.2759,111.0,58.0,1,1,0,Active,,,,0.1,0.0
2026-09-27,0,Jo Adell,Kid Named Dinger,666176,0,0,27,464.3497,11405.0,250.2242,11005.0,1.012,4.1236,322.0,2.0,1,1,0,Active,,,,0.2,0.1
2026-09-27,0,Willy Adames,Kid Named Dinger,642715,0,0,30,357.3497,8533.0,42.2242,8133.0,0.997,4.1056,127.0,42.0,0,1,12,Injured 10-Day,Left elbow sprain,2026-08-24,2026-09-03,0.0,0.0
2026-09-27,0,Jose Altuve,Kid Named Dinger,514888,0,0,36,280.3497,8702.0,61.2242,8302.0,0.979,4.1609,140.0,29.0,1,1,0,Active,,,,0.1,0.0
2026-09-27,0,Kyle Stowers,Kid Named Dinger,669065,0,0,28,259.3497,6842.0,97.2242,6442.0,1.006,4.1491,127.0,42.0,1,1,0,Active,,,,0.1,0.0
2026-09-27,0,Kazuma Okamoto,Kid Named Dinger,672960,0,0,30,201.3497,4365.0,39.2242,3965.0,0.997,4.0462,161.0,8.0,1,1,0,Active,,,,0.2,0.0
2026-09-27,0,Michael Busch,Kid Named Dinger,683737,0,0,28,335.3497,8804.0,126.2242,8404.0,1.006,4.3367,165.0,4.0,1,1,0,Active,,,,0.2,0.1
2026-09-27,0,Randy Arozarena,Kid Named Dinger,668227,1,0,31,394.3497,11254.0,374.2242,10854.0,0.994,4.2591,159.0,10.0,1,1,0,Active,,,,0.1,0.1
2026-09-27,0,Aaron Judge,Kid Named Dinger,592450,0,1,34,512.3497,7453.0,74.2242,7053.0,0.985,4.1604,72.0,97.0,0,1,12,Injured 10-Day,Right calf strain,2026-09-17,2026-09-27,0.0,0.0
2026-09-27,0,Matt Chapman,Kid Named Dinger,656305,0,1,33,236.3497,7041.0,76.2242,6641.0,0.988,4.0968,90.0,79.0,0,1,55,Injured 60-Day,Abdominal strain,2026-07-01,2026-08-30,0.0,0.0
2026-09-27,0,Bobby Witt Jr.,Swank's Shanks,677951,0,0,26,314.3497,9215.0,80.2242,8815.0,1.018,4.3077,148.0,21.0,1,1,0,Active,,,,0.1,0.0
2026-09-27,0,Kyle Schwarber,Swank's Shanks,656941,0,0,33,599.3497,9652.0,108.2242,9252.0,0.988,4.3692,161.0,8.0,1,1,0,Active,,,,0.3,0.0
2026-09-27,0,Jazz Chisholm Jr.,Swank's Shanks,665862,0,0,28,399.3497,9710.0,62.2242,9310.0,1.006,3.887,143.0,26.0,1,1,0,Active,,,,0.1,0.0
2026-09-27,0,Riley Greene,Swank's Shanks,682985,0,0,25,357.3497,8512.0,65.2242,8112.0,1.024,4.1564,145.0,24.0,1,1,0,Active,,,,0.2,0.0
2026-09-27,0,Hunter Goodman,Swank's Shanks,696100,0,0,26,404.3497,7038.0,59.2242,6638.0,1.018,4.1017,143.0,26.0,1,1,0,Active,,,,0.2,0.0
2026-09-27,0,Fernando Tatis Jr.,Swank's Shanks,665487,0,0,27,324.3497,8798.0,89.2242,8398.0,1.012,4.3216,165.0,4.0,1,1,0,Active,,,,0.2,0.0
2026-09-27,0,Vinnie Pasquantino,Swank's Shanks,686469,0,0,28,296.3497,7975.0,69.2242,7575.0,1.006,4.1373,119.0,50.0,1,1,0,Active,,,,0.1,0.0
2026-09-27,0,Byron Buxton,Swank's Shanks,621439,0,0,32,355.3497,6572.0,100.2242,6172.0,0.991,4.2406,99.0,70.0,0,1,12,Injured 10-Day,Right hip impingement,2026-08-27,2026-09-06,0.0,0.0
2026-09-27,0,Seiya Suzuki,Swank's Shanks,673548,0,0,31,357.3497,8729.0,56.2242,8329.0,0.994,4.3169,149.0,20.0,1,1,0,Active,,,,0.2,0.0
2026-09-27,0,Miguel Vargas,Swank's Shanks,678246,0,0,26,295.3497,8418.0,86.2242,8018.0,1.018,4.3216,165.0,4.0,1,1,0,Active,,,,0.2,0.0
2026-09-27,0,Willson Contreras,Swank's Shanks,575929,1,0,34,296.3497,7191.0,257.2242,6791.0,0.985,4.0769,135.0,34.0,1,1,0,Active,,,,0.1,0.1
2026-09-27,0,Carlos Correa,Swank's Shanks,621043,0,1,31,197.3497,7678.0,26.2242,7278.0,0.994,4.125,38.0,131.0,0,1,55,Injured 60-Day,Left ankle tendon injury,2026-05-05,2026-07-04,0.0,0.0
2026-09-27,0,Juan Soto,deep drivers,665742,0,0,27,466.3497,8584.0,38.2242,8184.0,1.012,4.22,116.0,53.0,1,1,0,Active,,,,0.2,0.0
2026-09-27,0,Nick Kurtz,deep drivers,701762,0,0,23,285.3497,5326.0,32.2242,4926.0,1.036,4.2446,105.0,64.0,0,1,55,Injured 60-Day,Strained right thumb,2026-08-01,2026-09-30,0.0,0.0
2026-09-27,0,José Ramírez,deep drivers,608070,0,0,33,333.3497,8658.0,59.2242,8258.0,0.988,4.2424,131.0,38.0,1,1,0,Active,,,,0.1,0.0
2026-09-27,0,James Wood,deep drivers,695578,0,0,23,337.3497,8059.0,47.2242,7659.0,1.036,4.454,140.0,29.0,1,1,0,Active,,,,0.2,0.0
2026-09-27,0,Ketel Marte,deep drivers,606466,0,0,32,366.3497,8273.0,90.2242,7873.0,0.991,4.3111,146.0,23.0,1,1,0,Active,,,,0.2,0.0
2026-09-27,0,Pete Crow-Armstrong,deep drivers,691718,0,0,24,415.3497,8643.0,123.2242,8243.0,1.03,4.3831,167.0,2.0,1,1,0,Active,,,,0.2,0.1
2026-09-27,0,Zach Neto,deep drivers,687263,0,0,25,344.3497,8717.0,183.2242,8317.0,1.024,4.3622,162.0,7.0,1,1,0,Active,,,,0.2,0.1
2026-09-27,0,Adley Rutschman,deep drivers,668939,0,0,28,249.3497,8644.0,39.2242,8244.0,1.006,4.1102,202.0,2.0,1,1,0,Active,,,,0.1,0.0
2026-09-27,0,George Springer,deep drivers,543807,0,0,36,296.3497,7961.0,74.2242,7561.0,0.979,4.0667,131.0,38.0,1,1,0,Active,,,,0.1,0.0
2026-09-27,0,Rafael Devers,deep drivers,646240,0,0,29,585.3497,12000.0,76.2242,11600.0,1.0,4.1968,154.0,15.0,0,1,55,Injured 60-Day,Core muscle injury,2026-09-13,2026-11-12,0.0,0.0
2026-09-27,0,CJ Abrams,deep drivers,682928,1,0,25,337.3497,8796.0,173.2242,8396.0,1.024,4.2199,157.0,12.0,1,1,0,Active,,,,0.2,0.1
2026-09-27,0,Trevor Story,deep drivers,596115,0,1,33,167.3497,5449.0,45.2242,5049.0,0.988,4.068,69.0,100.0,1,1,0,Active,,,,0.1,0.0
